Question Title,Topic,Difficulty,Link
"Find Missing and Repeating element","Arrays","easy","https://www.geeksforgeeks.org/dsa/find-a-repeating-and-a-missing-number/"
"Stock Buy and Sell – Max one Transaction Allowed","Arrays","easy","https://www.geeksforgeeks.org/dsa/best-time-to-buy-and-sell-stock/"
"Remove Duplicates in a Sorted Array","Arrays","easy","https://www.geeksforgeeks.org/dsa/remove-duplicates-sorted-array/"
"Convert Array into Zig-Zag fashion","Arrays","easy","https://www.geeksforgeeks.org/dsa/convert-array-into-zig-zag-fashion/"
"Find third largest element","Arrays","easy","https://www.geeksforgeeks.org/dsa/third-largest-element-array-distinct-elements/"
"Check Pair Sum in a Sorted and Rotated Array","Arrays","medium","https://www.geeksforgeeks.org/dsa/given-a-sorted-and-rotated-array-find-if-there-is-a-pair-with-a-given-sum/"
"Sort an array of 0s 1s and 2s","Arrays","medium","https://www.geeksforgeeks.org/dsa/sort-an-array-of-0s-1s-and-2s/"
"Rotate Array K times","Arrays","medium","https://www.geeksforgeeks.org/dsa/array-rotation/"
"Find Majority Element","Arrays","medium","https://www.geeksforgeeks.org/dsa/majority-element/"
"Maximum Subarray Sum – Kadane’s Algorithm","Arrays","medium","https://www.geeksforgeeks.org/dsa/largest-sum-contiguous-subarray/"
"Stock Buy and Sell – Multiple Transaction Allowed","Arrays","medium","https://www.geeksforgeeks.org/dsa/stock-buy-sell/"
"Next Permutation","Arrays","medium","https://www.geeksforgeeks.org/dsa/next-permutation/"
"Maximum Product Subarray","Arrays","medium","https://www.geeksforgeeks.org/dsa/maximum-product-subarray/"
"Maximize i*arr[i] among all Rotations of Array","Arrays","medium","https://www.geeksforgeeks.org/dsa/maximum-sum-iarri-among-rotations-given-array/"
"Rearrange Array in Max Min Form","Arrays","medium","https://www.geeksforgeeks.org/dsa/rearrange-array-maximum-minimum-form-set-2-o1-extra-space/"
"Find Smallest Missing Positive Number","Arrays","medium","https://www.geeksforgeeks.org/dsa/find-the-smallest-positive-number-missing-from-an-unsorted-array/"
"Minimum Jumps to Reach End","Arrays","medium","https://www.geeksforgeeks.org/dsa/minimum-number-of-jumps-to-reach-end-of-a-given-array/"
"Trapping Rain Water","Arrays","hard","https://www.geeksforgeeks.org/dsa/trapping-rain-water/"
"Maximum Circular Subarray Sum","Arrays","hard","https://www.geeksforgeeks.org/dsa/maximum-contiguous-circular-sum/"
"Closest Palindrome Number","Arrays","hard","https://www.geeksforgeeks.org/dsa/closest-palindrome-number-whose-absolute-difference-min/"
"Stock Buy and Sell – Max 2 Transactions Allowed","Arrays","hard","https://www.geeksforgeeks.org/dsa/maximum-profit-by-buying-and-selling-a-share-at-most-twice/"
"Maximum Meetings in One Room","Sorting","easy","https://www.geeksforgeeks.org/dsa/find-maximum-meetings-in-one-room/"
"Chocolate Distribution Problem","Sorting","easy","https://www.geeksforgeeks.org/dsa/chocolate-distribution-problem/"
"Find a Pair with the given difference","Sorting","easy","https://www.geeksforgeeks.org/dsa/find-a-pair-with-the-given-difference/"
"Form the Largest Number","Sorting","medium","https://www.geeksforgeeks.org/dsa/given-an-array-of-numbers-arrange-the-numbers-to-form-the-biggest-number/"
"Merge Two Sorted Arrays Without Extra Space","Sorting","medium","https://www.geeksforgeeks.org/dsa/merge-two-sorted-arrays-o1-extra-space/"
"Count Inversions of an Array","Sorting","medium","https://www.geeksforgeeks.org/dsa/inversion-count-in-array-using-merge-sort/"
"Meeting Rooms - II","Sorting","medium","https://www.geeksforgeeks.org/dsa/meeting-rooms-find-minimum-meeting-rooms/"
"Merge Overlapping Intervals","Sorting","medium","https://www.geeksforgeeks.org/dsa/merging-intervals/"
"Minimum Swaps to Sort","Sorting","medium","https://www.geeksforgeeks.org/dsa/minimum-number-swaps-required-sort-array/"
"Minimize the Maximum Difference between the Heights","Sorting","medium","https://www.geeksforgeeks.org/dsa/minimize-the-maximum-difference-between-the-heights/"
"Find k largest elements in an array (Quick Sort Method)","Sorting","medium","https://www.geeksforgeeks.org/dsa/k-largestor-smallest-elements-in-an-array/"
"3 Sum – Triplet Sum in Array","Sorting","medium","https://www.geeksforgeeks.org/dsa/find-a-triplet-that-sum-to-a-given-value/"
"4 Sum - All Quadruples","Sorting","medium","https://www.geeksforgeeks.org/dsa/find-four-elements-that-sum-to-a-given-value-set-2/"
"First Repeated Character","Strings","easy","https://www.geeksforgeeks.org/dsa/find-the-first-repeated-character-in-a-string/"
"Reverse Words","Strings","easy","https://www.geeksforgeeks.org/dsa/reverse-words-in-a-given-string/"
"Roman Number to Integer","Strings","easy","https://www.geeksforgeeks.org/dsa/roman-number-to-integer/"
"Check Anagram","Strings","easy","https://www.geeksforgeeks.org/dsa/check-whether-two-strings-are-anagram-of-each-other/"
"Remove Duplicates","Strings","easy","https://www.geeksforgeeks.org/dsa/remove-duplicates-from-a-given-string/"
"Longest Substring Without Repeating Characters","Strings","medium","https://www.geeksforgeeks.org/dsa/length-of-the-longest-substring-without-repeating-characters/"
"Rabin-Karp Algorithm","Strings","medium","https://www.geeksforgeeks.org/dsa/rabin-karp-algorithm-for-pattern-searching/"
"Z algorithm","Strings","medium","https://www.geeksforgeeks.org/dsa/z-algorithm-linear-time-pattern-searching-algorithm/"
"Longest Palindromic Substring","Strings","medium","https://www.geeksforgeeks.org/dsa/longest-palindromic-substring/"
"Look-and-Say Sequence","Strings","medium","https://www.geeksforgeeks.org/dsa/look-and-say-sequence/"
"Number to English Words","Strings","medium","https://www.geeksforgeeks.org/dsa/program-to-convert-a-given-number-to-words-set-2/"
"KMP Algorithm","Strings","hard","https://www.geeksforgeeks.org/dsa/kmp-algorithm-for-pattern-searching/"
"Minimum Characters to Add at Front for Palindrome","Strings","hard","https://www.geeksforgeeks.org/dsa/minimum-characters-added-front-make-string-palindrome/"
"Smallest Window Containing All Characters of Another String","Strings","hard","https://www.geeksforgeeks.org/dsa/find-the-smallest-window-in-a-string-containing-all-characters-of-another-string/"
"At least K Occurences","Hashing","easy","https://www.geeksforgeeks.org/dsa/count-all-elements-in-the-array-which-appears-at-least-k-times-after-their-first-occurrence/"
"Common Elements in Two Arrays","Hashing","easy","https://www.geeksforgeeks.org/dsa/common-elements-in-two-arrays/"
"Longest Subarray with 0 Sum","Hashing","medium","https://www.geeksforgeeks.org/dsa/find-the-largest-subarray-with-0-sum/"
"Count Distinct Elements In Every Window of Size K","Hashing","medium","https://www.geeksforgeeks.org/dsa/count-distinct-elements-in-every-window-of-size-k/"
"4 Sum – Count Quadruplets with Given Sum","Hashing","medium","https://www.geeksforgeeks.org/dsa/count-quadruplets-with-sum-k-from-given-array/"
"Check If Array Pair Sums Divisible by k","Hashing","medium","https://www.geeksforgeeks.org/dsa/check-if-an-array-can-be-divided-into-pairs-whose-sum-is-divisible-by-k/"
"Longest Consecutive Subsequence","Hashing","medium","https://www.geeksforgeeks.org/dsa/longest-consecutive-subsequence/"
"Count Subarrays having Sum K","Hashing","medium","https://www.geeksforgeeks.org/dsa/number-subarrays-sum-exactly-equal-k/"
"Longest Subarray With Sum K","Hashing","medium","https://www.geeksforgeeks.org/dsa/longest-sub-array-sum-k/"
"Longest Subarray With Sum Divisible By K","Hashing","medium","https://www.geeksforgeeks.org/dsa/longest-subarray-sum-divisible-k/"
"Sort according to an Array","Hashing","medium","https://www.geeksforgeeks.org/dsa/sort-array-according-order-defined-another-array/"
"Group Anagrams Together","Hashing","medium","https://www.geeksforgeeks.org/dsa/given-a-sequence-of-words-print-all-anagrams-together/"
"Count Maximum Points on Same Line","Hashing","hard","https://www.geeksforgeeks.org/dsa/count-maximum-points-on-same-line/"
"LFU cache","Hashing","hard","https://www.geeksforgeeks.org/dsa/least-frequently-used-lfu-cache-implementation/"
"Minimum Window Substring","Hashing","hard","https://www.geeksforgeeks.org/dsa/find-the-smallest-window-in-a-string-containing-all-characters-of-another-string/"
"Binary Search Algorithm","Binary Search","easy","https://www.geeksforgeeks.org/dsa/binary-search/"
"N-th root of a number","Binary Search","easy","https://www.geeksforgeeks.org/dsa/n-th-root-number/"
"Single Element in a Sorted Array","Binary Search","medium","https://www.geeksforgeeks.org/dsa/find-the-element-that-appears-once-in-a-sorted-array/"
"Search in a Sorted and Rotated Array","Binary Search","medium","https://www.geeksforgeeks.org/dsa/search-an-element-in-a-sorted-and-pivoted-array/"
"Sum of Middle Elements of two Sorted Arrays","Binary Search","medium","https://www.geeksforgeeks.org/dsa/sum-of-middle-elements-of-two-sorted-arrays/"
"First and Last Occurrence","Binary Search","medium","https://www.geeksforgeeks.org/dsa/find-first-and-last-positions-of-an-element-in-a-sorted-array/"
"Median of two Sorted Arrays","Binary Search","hard","https://www.geeksforgeeks.org/dsa/median-of-two-sorted-arrays-of-different-sizes/"
"Median in a Row-wise sorted Matrix","Binary Search","hard","https://www.geeksforgeeks.org/dsa/find-median-row-wise-sorted-matrix/"
"Allocate Minimum Pages","Binary Search","hard","https://www.geeksforgeeks.org/dsa/allocate-minimum-number-pages/"
"Aggressive Cows","Binary Search","hard","https://www.geeksforgeeks.org/dsa/assign-stalls-to-k-cows-to-maximize-the-minimum-distance-between-them/"
"Find the row with maximum number of 1s","Matrix","easy","https://www.geeksforgeeks.org/dsa/find-the-row-with-maximum-number-1s/"
"Rotate an Image 90 Degree Clockwise","Matrix","medium","https://www.geeksforgeeks.org/dsa/rotate-a-matrix-by-90-degree-in-clockwise-direction-without-using-any-extra-space/"
"Spirally traversing a matrix","Matrix","medium","https://www.geeksforgeeks.org/dsa/print-a-given-matrix-in-spiral-form/"
"Search in a Sorted Matrix","Matrix","medium","https://www.geeksforgeeks.org/dsa/search-element-sorted-matrix/"
"Set Matrix Rows and Columns to Zeroes","Matrix","medium","https://www.geeksforgeeks.org/dsa/set-matrix-rows-and-columns-to-zeroes/"
"Max rectangle in Binary Matrix","Matrix","hard","https://www.geeksforgeeks.org/dsa/maximum-size-rectangle-binary-sub-matrix-1s/"
"Find all Unique Subsets","Recursion and Backtracking","medium","https://www.geeksforgeeks.org/dsa/find-all-unique-subsets-of-a-given-set/"
"Generate Sums of all Subsets","Recursion and Backtracking","medium","https://www.geeksforgeeks.org/dsa/print-sums-subsets-given-set/"
"Tower of Hanoi","Recursion and Backtracking","medium","https://www.geeksforgeeks.org/dsa/c-program-for-tower-of-hanoi/"
"Generate all Unique Permutations","Recursion and Backtracking","medium","https://www.geeksforgeeks.org/dsa/print-all-permutations-of-a-string-with-duplicates-allowed-in-input-string/"
"Rat in a Maze","Recursion and Backtracking","medium","https://www.geeksforgeeks.org/dsa/rat-in-a-maze-problem-when-movement-in-all-possible-directions-is-allowed/"
"Combination Sum (Repeated Selection)","Recursion and Backtracking","medium","https://www.geeksforgeeks.org/dsa/combinational-sum/"
"Combination Sum II (Single Selection)","Recursion and Backtracking","medium","https://www.geeksforgeeks.org/dsa/all-unique-combinations-whose-sum-equals-to-k/"
"Generate all Palindromic Partitions","Recursion and Backtracking","medium","https://www.geeksforgeeks.org/dsa/given-a-string-print-all-possible-palindromic-partition/"
"Generate Valid IP Addresses","Recursion and Backtracking","medium","https://www.geeksforgeeks.org/dsa/program-generate-possible-valid-ip-addresses-given-string/"
"Word Search","Recursion and Backtracking","medium","https://www.geeksforgeeks.org/dsa/check-if-a-word-exists-in-a-grid-or-not/"
"N-Queen Problem","Recursion and Backtracking","hard","https://www.geeksforgeeks.org/dsa/printing-solutions-n-queen-problem/"
"Solve Sudoku","Recursion and Backtracking","hard","https://www.geeksforgeeks.org/dsa/sudoku-backtracking-7/"
"Word Break","Recursion and Backtracking","hard","https://www.geeksforgeeks.org/dsa/word-break-problem-using-backtracking/"
"Validate Parentheses","Stack","easy","https://www.geeksforgeeks.org/dsa/check-for-balanced-parentheses-in-an-expression/"
"Implement two Stacks in an Array","Stack","medium","https://www.geeksforgeeks.org/dsa/implement-two-stacks-in-an-array/"
"The Stock Span Problem","Stack","medium","https://www.geeksforgeeks.org/dsa/the-stock-span-problem/"
"Next Greater Element","Stack","medium","https://www.geeksforgeeks.org/dsa/next-greater-element/"
"Get Min from Stack","Stack","medium","https://www.geeksforgeeks.org/dsa/design-a-stack-that-supports-getmin-in-o1-time-and-o1-extra-space/"
"Evaluation of Postfix Expression","Stack","medium","https://www.geeksforgeeks.org/dsa/evaluation-of-postfix-expression/"
"Longest Valid Parentheses Substring","Stack","medium","https://www.geeksforgeeks.org/dsa/length-of-the-longest-valid-substring/"
"Largest Rectangular Area in a Histogram","Stack","hard","https://www.geeksforgeeks.org/dsa/largest-rectangular-area-in-a-histogram-using-stack/"
"Maximum of Minimum for Every Window Size","Stack","hard","https://www.geeksforgeeks.org/dsa/find-the-maximum-of-minimums-for-every-window-size-in-a-given-array/"
"Implement K Stacks in an Array","Stack","hard","https://www.geeksforgeeks.org/dsa/efficiently-implement-k-stacks-single-array/"
"Stream First Non-repeating","Queue","medium","https://www.geeksforgeeks.org/dsa/find-first-non-repeating-character-stream-characters/"
"Maximum of all subarrays of size K","Deque","medium","https://www.geeksforgeeks.org/dsa/sliding-window-maximum-maximum-of-all-subarrays-of-size-k/"
"Longest Subarray with Absolute Difference Less than or Equal to K","Deque","medium","https://www.geeksforgeeks.org/dsa/longest-subarray-in-which-absolute-difference-between-any-two-element-is-not-greater-than-x/"
"Shortest Subarray with Sum at Least K","Deque","hard","https://www.geeksforgeeks.org/dsa/smallest-subarray-from-a-given-array-with-sum-greater-than-or-equal-to-k/"
"Stack using Queues","Stack, Queue","easy","https://www.geeksforgeeks.org/dsa/implement-stack-using-queue/"
"Queue using Stacks","Stack, Queue","easy","https://www.geeksforgeeks.org/dsa/queue-using-stacks/"
"Connect Ropes with Minimum Cost","Heap","easy","https://www.geeksforgeeks.org/dsa/connect-n-ropes-minimum-cost/"
"Implement Binary Heap","Heap","medium","https://www.geeksforgeeks.org/dsa/binary-heap/"
"Rearrange String to Avoid Adjacent Duplicates","Heap","medium","https://www.geeksforgeeks.org/dsa/rearrange-characters-string-no-two-adjacent/"
"Kth Largest Element","Heap","medium","https://www.geeksforgeeks.org/dsa/kth-largest-element-in-an-array/"
"Merge k Sorted Arrays","Heap","medium","https://www.geeksforgeeks.org/dsa/merge-k-sorted-arrays/"
"Top K Frequent Elements","Heap","medium","https://www.geeksforgeeks.org/dsa/find-k-numbers-occurrences-given-array/"
"Merge K Sorted Linked Lists","Heap","medium","https://www.geeksforgeeks.org/dsa/merge-k-sorted-linked-lists/"
"Kth Smallest Element in Matrix","Heap","medium","https://www.geeksforgeeks.org/dsa/kth-smallest-element-in-a-row-wise-and-column-wise-sorted-2d-array/"
"Sort a K Sorted Array","Heap","medium","https://www.geeksforgeeks.org/dsa/nearly-sorted-algorithm/"
"Find Median in Stream","Heap","hard","https://www.geeksforgeeks.org/dsa/median-of-stream-of-integers-running-integers/"
"K-th Bit is Set or Not","Bit Manipulation","easy","https://www.geeksforgeeks.org/dsa/check-whether-k-th-bit-set-not/"
"Swap 2 Numbers using XOR","Bit Manipulation","easy","https://www.geeksforgeeks.org/dsa/swap-two-numbers-without-using-temporary-variable/"
"Check if a Number is a Power of 2","Bit Manipulation","easy","https://www.geeksforgeeks.org/dsa/program-to-find-whether-a-given-number-is-power-of-2/"
"Rightmost Set Bit","Bit Manipulation","easy","https://www.geeksforgeeks.org/dsa/position-of-rightmost-set-bit/"
"Rightmost Different Bit","Bit Manipulation","easy","https://www.geeksforgeeks.org/dsa/position-rightmost-different-bit/"
"Toggle Bits in Given Range","Bit Manipulation","easy","https://www.geeksforgeeks.org/dsa/toggle-bits-given-range/"
"Single in Couples","Bit Manipulation","easy","https://www.geeksforgeeks.org/dsa/alone-in-couple/"
"Division without * / or %","Bit Manipulation","medium","https://www.geeksforgeeks.org/dsa/divide-two-integers-without-using-multiplication-division-mod-operator/"
"Count Set Bits from 1 to N","Bit Manipulation","medium","https://www.geeksforgeeks.org/dsa/count-total-set-bits-in-all-numbers-from-1-to-n-set-2/"
"Generate Subsets using Bit Manipulation","Bit Manipulation","medium","https://www.geeksforgeeks.org/dsa/backtracking-to-find-all-subsets/"
"Find Two Numbers with Odd Occurrences","Bit Manipulation","medium","https://www.geeksforgeeks.org/dsa/find-the-two-numbers-with-odd-occurences-in-an-unsorted-array/"
"Maximum Subset XOR","Bit Manipulation","hard","https://www.geeksforgeeks.org/dsa/find-maximum-subset-xor-given-set/"
"Find Middle of the Linked List","Linked List","easy","https://www.geeksforgeeks.org/dsa/write-a-c-function-to-print-the-middle-of-the-linked-list/"
"Reverse a Linked List","Linked List","easy","https://www.geeksforgeeks.org/dsa/reverse-a-linked-list/"
"Kth from End of Linked List","Linked List","easy","https://www.geeksforgeeks.org/dsa/nth-node-from-the-end-of-a-linked-list/"
"Pairwise Swap Elements of Linked List","Linked List","easy","https://www.geeksforgeeks.org/dsa/pairwise-swap-elements-of-a-given-linked-list/"
"Sort a linked list of 0s 1s and 2s","Linked List","medium","https://www.geeksforgeeks.org/dsa/sort-linked-list-0s-1s-2s-changing-links/"
"Rotate a Linked List K times","Linked List","medium","https://www.geeksforgeeks.org/dsa/rotate-a-linked-list/"
"Intersection in Y Shaped Lists","Linked List","medium","https://www.geeksforgeeks.org/dsa/write-a-function-to-get-the-intersection-point-of-two-linked-lists/"
"Detect Loop in Linked List","Linked List","medium","https://www.geeksforgeeks.org/dsa/detect-loop-in-a-linked-list/"
"Remove loop in Linked List","Linked List","medium","https://www.geeksforgeeks.org/dsa/detect-and-remove-loop-in-a-linked-list/"
"Flattening a Linked List","Linked List","medium","https://www.geeksforgeeks.org/dsa/flattening-a-linked-list/"
"Merge two Sorted Linked Lists","Linked List","medium","https://www.geeksforgeeks.org/dsa/merge-two-sorted-linked-lists/"
"Add Two Numbers Represented as Linked List","Linked List","medium","https://www.geeksforgeeks.org/dsa/add-two-numbers-represented-by-linked-list/"
"Palindrome Linked List","Linked List","medium","https://www.geeksforgeeks.org/dsa/function-to-check-if-a-singly-linked-list-is-palindrome/"
"Linked List Group Reverse","Linked List","hard","https://www.geeksforgeeks.org/dsa/reverse-a-linked-list-in-groups-of-given-size/"
"Clone a Linked List with Next and Random Pointer","Linked List","hard","https://www.geeksforgeeks.org/dsa/a-linked-list-with-next-and-arbit-pointer/"
"LRU Cache","Linked List","hard","https://www.geeksforgeeks.org/dsa/lru-cache-implementation-using-double-linked-lists/"
"Level Order Traversal in Spiral Form","Binary Tree","easy","https://www.geeksforgeeks.org/dsa/level-order-traversal-in-spiral-form/"
"Height of Binary Tree","Binary Tree","easy","https://www.geeksforgeeks.org/dsa/find-the-maximum-depth-or-height-of-a-tree/"
"Balanced Tree Check","Binary Tree","easy","https://www.geeksforgeeks.org/dsa/how-to-determine-if-a-binary-tree-is-balanced/"
"Check Symmetric Tree","Binary Tree","easy","https://www.geeksforgeeks.org/dsa/symmetric-tree-tree-which-is-mirror-image-of-itself/"
"Check Identical Trees","Binary Tree","easy","https://www.geeksforgeeks.org/dsa/write-c-code-to-determine-if-two-trees-are-identical/"
"Left View of Binary Tree","Binary Tree","easy","https://www.geeksforgeeks.org/dsa/print-left-view-binary-tree/"
"Top View of Binary Tree","Binary Tree","medium","https://www.geeksforgeeks.org/dsa/print-nodes-top-view-binary-tree/"
"Bottom View of Binary Tree","Binary Tree","medium","https://www.geeksforgeeks.org/dsa/bottom-view-binary-tree/"
"Diagonal Tree Traversal","Binary Tree","medium","https://www.geeksforgeeks.org/dsa/diagonal-traversal-of-binary-tree/"
"Vertical Tree Traversal","Binary Tree","medium","https://www.geeksforgeeks.org/dsa/vertical-order-traversal-of-binary-tree-using-map/"
"LCA in Binary Tree","Binary Tree","medium","https://www.geeksforgeeks.org/dsa/lowest-common-ancestor-binary-tree-set-1/"
"Tree Boundary Traversal","Binary Tree","medium","https://www.geeksforgeeks.org/dsa/boundary-traversal-of-binary-tree/"
"Diameter of a Binary Tree","Binary Tree","medium","https://www.geeksforgeeks.org/dsa/diameter-of-a-binary-tree/"
"Connect Nodes of Levels","Binary Tree","medium","https://www.geeksforgeeks.org/dsa/connect-nodes-level-level-order-traversal/"
"Serialize and Deserialize a Binary Tree","Binary Tree","medium","https://www.geeksforgeeks.org/dsa/serialize-deserialize-binary-tree/"
"Construct Tree from Inorder & Preorder","Binary Tree","medium","https://www.geeksforgeeks.org/dsa/construct-tree-from-given-inorder-and-preorder-traversal/"
"Maximum Path Sum between 2 Nodes","Binary Tree","medium","https://www.geeksforgeeks.org/dsa/find-maximum-path-sum-in-a-binary-tree/"
"Max Path Sum between 2 Leaf Nodes","Binary Tree","hard","https://www.geeksforgeeks.org/dsa/find-maximum-path-sum-two-leaves-binary-tree/"
"Convert Binary Tree to Doubly Linked List","Binary Tree","hard","https://www.geeksforgeeks.org/dsa/convert-binary-tree-to-doubly-linked-list-using-inorder-traversal/"
"Check for BST","Binary Search Tree","easy","https://www.geeksforgeeks.org/dsa/a-program-to-check-if-a-binary-tree-is-bst-or-not/"
"LCA in BST","Binary Search Tree","easy","https://www.geeksforgeeks.org/dsa/lowest-common-ancestor-in-a-binary-search-tree/"
"Sorted Array to BST","Binary Search Tree","easy","https://www.geeksforgeeks.org/dsa/sorted-array-to-balanced-bst/"
"Kth Largest Element in BST","Binary Search Tree","easy","https://www.geeksforgeeks.org/dsa/kth-largest-element-in-bst-when-modification-to-bst-is-not-allowed/"
"Ceil in BST","Binary Search Tree","medium","https://www.geeksforgeeks.org/dsa/floor-and-ceil-from-a-bst/"
"Largest BST","Binary Search Tree","medium","https://www.geeksforgeeks.org/dsa/largest-bst-binary-tree-set-2/"
"Merge two BST 's","Binary Search Tree","medium","https://www.geeksforgeeks.org/dsa/merge-two-bsts-with-limited-extra-space/"
"Preorder to BST","Binary Search Tree","medium","https://www.geeksforgeeks.org/dsa/construct-bst-from-given-preorder-traversa/"
"Predecessor and Successor in BST","Binary Search Tree","medium","https://www.geeksforgeeks.org/dsa/inorder-predecessor-successor-given-key-bst/"
"Binary Search Tree Iterator","Binary Search Tree","medium","https://www.geeksforgeeks.org/dsa/implement-binary-search-treebst-iterator/"
"Delete a Node from BST","Binary Search Tree","medium","https://www.geeksforgeeks.org/dsa/deletion-in-binary-search-tree/"
"Balance a Binary Search Tree","Binary Search Tree","medium","https://www.geeksforgeeks.org/dsa/convert-normal-bst-balanced-bst/"
"Minimize the Sum of Product","Greedy","easy","https://www.geeksforgeeks.org/dsa/minimize-sum-product-two-arrays-permutations-allowed/"
"Largest Number Possible","Greedy","easy","https://www.geeksforgeeks.org/dsa/find-the-largest-number-with-given-number-of-digits-and-sum-of-digits/"
"Minimum Number of Coins","Greedy","easy","https://www.geeksforgeeks.org/dsa/greedy-algorithm-to-find-minimum-number-of-coins/"
"Assign Cookies","Greedy","easy","https://www.geeksforgeeks.org/dsa/assign-cookies/"
"Gas Station","Greedy","medium","https://www.geeksforgeeks.org/dsa/find-a-tour-that-visits-all-stations/"
"Activity Selection","Greedy","medium","https://www.geeksforgeeks.org/dsa/activity-selection-problem-greedy-algo-1/"
"Fractional Knapsack","Greedy","medium","https://www.geeksforgeeks.org/dsa/fractional-knapsack-problem/"
"Job Sequencing","Greedy","medium","https://www.geeksforgeeks.org/dsa/job-sequencing-problem/"
"Huffman Encoding","Greedy","hard","https://www.geeksforgeeks.org/dsa/huffman-coding-greedy-algo-3/"
"Ways to Reach the Nth Stair","Dynamic Programming","medium","https://www.geeksforgeeks.org/dsa/count-ways-reach-nth-stair/"
"House Robber II","Dynamic Programming","medium","https://www.geeksforgeeks.org/dsa/maximum-sum-in-circular-array-such-that-no-two-elements-are-adjacent/"
"Coin Change (Minimum Coins)","Dynamic Programming","medium","https://www.geeksforgeeks.org/dsa/find-minimum-number-of-coins-that-make-a-change/"
"Coin Change (Count Ways)","Dynamic Programming","medium","https://www.geeksforgeeks.org/dsa/coin-change-dp-7/"
"Longest Common Substring","Dynamic Programming","medium","https://www.geeksforgeeks.org/dsa/longest-common-substring-dp-29/"
"Longest Increasing Subsequence","Dynamic Programming","medium","https://www.geeksforgeeks.org/dsa/longest-increasing-subsequence-dp-3/"
"Longest Common Subsequence","Dynamic Programming","medium","https://www.geeksforgeeks.org/dsa/longest-common-subsequence-dp-4/"
"0 - 1 Knapsack Problem","Dynamic Programming","medium","https://www.geeksforgeeks.org/dsa/0-1-knapsack-problem-dp-10/"
"Partition Equal Subset Sum","Dynamic Programming","medium","https://www.geeksforgeeks.org/dsa/partition-problem-dp-18/"
"Minimum Insertions to Form Palindrome","Dynamic Programming","medium","https://www.geeksforgeeks.org/dsa/minimum-insertions-to-form-a-palindrome-dp-28/"
"Maximize The Cut Segments","Dynamic Programming","medium","https://www.geeksforgeeks.org/dsa/maximize-the-number-of-segments-of-length-p-q-and-r/"
"Maximum Path Sum in Matrix","Dynamic Programming","medium","https://www.geeksforgeeks.org/dsa/maximum-path-sum-matrix/"
"Rod Cutting","Dynamic Programming","medium","https://www.geeksforgeeks.org/dsa/cutting-a-rod-dp-13/"
"Egg Dropping Puzzle","Dynamic Programming","medium","https://www.geeksforgeeks.org/dsa/egg-dropping-puzzle-dp-11/"
"Word Break","Dynamic Programming","medium","https://www.geeksforgeeks.org/dsa/word-break-problem-dp-32/"
"Optimal Strategy For A Game","Dynamic Programming","medium","https://www.geeksforgeeks.org/dsa/optimal-strategy-for-a-game-dp-31/"
"Wildcard Pattern Matching","Dynamic Programming","medium","https://www.geeksforgeeks.org/dsa/wildcard-pattern-matching/"
"Edit Distance","Dynamic Programming","medium","https://www.geeksforgeeks.org/dsa/edit-distance-dp-5/"
"Matrix Chain Multiplication","Dynamic Programming","hard","https://www.geeksforgeeks.org/dsa/matrix-chain-multiplication-dp-8/"
"Palindromic Partitioning","Dynamic Programming","hard","https://www.geeksforgeeks.org/dsa/palindrome-partitioning-dp-17/"
"Boolean Parenthesization","Dynamic Programming","hard","https://www.geeksforgeeks.org/dsa/boolean-parenthesization-problem-dp-37/"
"DFS of Graph","Graph","easy","https://www.geeksforgeeks.org/dsa/depth-first-search-or-dfs-for-a-graph/"
"BFS of Graph","Graph","easy","https://www.geeksforgeeks.org/dsa/breadth-first-search-or-bfs-for-a-graph/"
"Detect Cycle in Undirected Graph","Graph","medium","https://www.geeksforgeeks.org/dsa/detect-cycle-undirected-graph/"
"Detect Cycle in a Directed Graph","Graph","medium","https://www.geeksforgeeks.org/dsa/detect-cycle-in-a-graph/"
"Detect a Negative Cycle","Graph","medium","https://www.geeksforgeeks.org/dsa/detect-negative-cycle-graph-bellman-ford/"
"Topological Sorting","Graph","medium","https://www.geeksforgeeks.org/dsa/topological-sorting/"
"Shortest Path in Directed Acyclic Graph","Graph","medium","https://www.geeksforgeeks.org/dsa/shortest-path-for-directed-acyclic-graphs/"
"Kahn’s Algorithm","Graph","medium","https://www.geeksforgeeks.org/dsa/topological-sorting-indegree-based-solution/"
"Dijkstra Algorithm","Graph","medium","https://www.geeksforgeeks.org/dsa/dijkstras-shortest-path-algorithm-greedy-algo-7/"
"Bellman-Ford Algorithm","Graph","medium","https://www.geeksforgeeks.org/dsa/bellman-ford-algorithm-dp-23/"
"Floyd Warshall Algorithm","Graph","medium","https://www.geeksforgeeks.org/dsa/floyd-warshall-algorithm-dp-16/"
"Prim’s Algorithm","Graph","medium","https://www.geeksforgeeks.org/dsa/prims-minimum-spanning-tree-mst-greedy-algo-5/"
"Kruskal’s Algorithm","Graph","medium","https://www.geeksforgeeks.org/dsa/kruskals-minimum-spanning-tree-algorithm-greedy-algo-2/"
"Euler Path and Circuit","Graph","medium","https://www.geeksforgeeks.org/dsa/eulerian-path-and-circuit/"
"Hamiltonian Path and Circuit","Graph","medium","https://www.geeksforgeeks.org/dsa/hamiltonian-cycle/"
"Kosaraju’s Algorithm","Graph","hard","https://www.geeksforgeeks.org/dsa/connectivity-in-a-directed-graph/"
"Tarjan’s Algorithm","Graph","hard","https://www.geeksforgeeks.org/dsa/tarjan-algorithm-find-strongly-connected-components/"
"Bridges in Graph","Graph","hard","https://www.geeksforgeeks.org/dsa/bridge-in-a-graph/"
"Articulation Points in Graph","Graph","hard","https://www.geeksforgeeks.org/dsa/articulation-points-or-cut-vertices-in-a-graph/"
"Disjoint Set (Union Find Algorithm)","Graph","hard","https://www.geeksforgeeks.org/dsa/introduction-to-disjoint-set-data-structure-or-union-find-algorithm/"
"Mother Vertex","Graph","medium","https://www.geeksforgeeks.org/dsa/find-a-mother-vertex-in-a-graph/"
"Rotten Oranges","Graph","medium","https://www.geeksforgeeks.org/dsa/minimum-time-required-so-that-all-oranges-become-rotten/"
"Flood fill Algorithm","Graph","medium","https://www.geeksforgeeks.org/dsa/flood-fill-algorithm-implement-fill-paint/"
"Replace O's with X's","Graph","medium","https://www.geeksforgeeks.org/dsa/given-matrix-o-x-replace-o-x-surrounded-x/"
"Steps by Knight","Graph","medium","https://www.geeksforgeeks.org/dsa/minimum-steps-reach-target-knight/"
"Bipartite Graph","Graph","medium","https://www.geeksforgeeks.org/dsa/bipartite-graph/"
"Number of Islands","Graph","medium","https://www.geeksforgeeks.org/dsa/find-the-number-of-islands-using-dfs/"
"Clone an Undirected Graph","Graph","medium","https://www.geeksforgeeks.org/dsa/clone-an-undirected-graph/"
"M-Coloring Problem","Graph","medium","https://www.geeksforgeeks.org/dsa/m-coloring-problem/"
"Alien Dictionary","Graph","hard","https://www.geeksforgeeks.org/dsa/given-sorted-dictionary-find-precedence-characters/"
"Circle of Strings","Graph","hard","https://www.geeksforgeeks.org/dsa/given-array-strings-find-strings-can-chained-form-circle/"
"Minimum Cost Path","Graph","hard","https://www.geeksforgeeks.org/dsa/minimum-cost-path-left-right-bottom-moves-allowed/"
"Insert Search and Delete in Trie","Trie","medium","https://www.geeksforgeeks.org/dsa/introduction-to-trie-data-structure-and-algorithm-tutorials/"
"Longest Common Prefix of Strings","Trie","medium","https://www.geeksforgeeks.org/dsa/longest-common-prefix-using-word-by-word-matching/"
"Prefix Suffix String","Trie","medium","https://www.geeksforgeeks.org/dsa/counting-common-prefix-suffix-strings-in-two-lists/"
"Word Break (Trie)","Trie","hard","https://www.geeksforgeeks.org/dsa/word-break-problem-trie-solution/"
"Phone Directory","Trie","hard","https://www.geeksforgeeks.org/dsa/implement-a-phone-directory/"
"Maximum XOR Subarray","Trie","hard","https://www.geeksforgeeks.org/dsa/find-the-maximum-subarray-xor-in-a-given-array/"
